time,high,low,open,volumefrom,volumeto,close,conversionType,conversionSymbol,symbol,return,volatility,momentum,tssi,sentiment_disagreement,article_volume,sentiment_momentum,msi
2025-07-08,0.592,0.5723,0.5805,46458193.71,27097258.23,0.5885,direct,,ADA,,,,,,0.0,,
2025-07-09,0.6276,0.5842,0.5885,109164398.08,66118750.42,0.6229,direct,,ADA,0.05845369583687332,,,,,0.0,,
2025-07-10,0.6802,0.6177,0.6229,89129743.75,57580751.36,0.6775,direct,,ADA,0.08765451918445977,,,,,0.0,,
2025-07-11,0.7769,0.6682,0.6775,239906203.31,174639262.32,0.7094,direct,,ADA,0.047084870848708604,,0.20543755310110456,,,0.0,,
2025-07-12,0.737,0.6885,0.7094,85228056.88,60891819.75,0.7091,direct,,ADA,-0.0004228925852834964,,0.13838497351099677,,,0.0,,
2025-07-13,0.7563,0.7053,0.7091,104916047.26,77279126.5,0.737,direct,,ADA,0.03934564941475105,,0.08782287822878221,,,0.0,,
2025-07-14,0.7683,0.7214,0.737,129682772.2,97289375.72,0.7354,direct,,ADA,-0.002170963364993117,,0.03665069072455607,,,0.0,,
2025-07-15,0.7542,0.7107,0.7354,110097118.28,80265738.63,0.7469,direct,,ADA,0.01563774816426422,0.03291102436980289,0.05330700888450157,,,0.0,,
2025-07-16,0.7849,0.7331,0.7469,98310578.5,74581987.3,0.7648,direct,,ADA,0.02396572499665295,0.031374927370706206,0.03772048846675724,,,0.0,,
2025-07-17,0.8391,0.7404,0.7648,163732534.77,130714661.02,0.8224,direct,,ADA,0.07531380753138084,0.027742018307363843,0.11830296437313015,,,0.0,,
2025-07-18,0.8959,0.7964,0.8224,191393288.38,161876641.9,0.8165,direct,,ADA,-0.0071741245136186516,0.02919138144617763,0.0931851653501139,,,0.0,,
2025-07-19,0.8378,0.8026,0.8165,53247698.05,43913702.8,0.8303,direct,,ADA,0.016901408450704203,0.027809477443804107,0.08564330543933063,,,0.0,,
2025-07-20,0.8787,0.8238,0.8303,104691357.36,89497648.39,0.8585,direct,,ADA,0.03396362760448035,0.02735673239972701,0.043895914396887115,,,0.0,,
2025-07-21,0.9342,0.8418,0.8585,168466520.36,150868291.53,0.8897,direct,,ADA,0.036342457775189185,0.02540701657982519,0.08965094917330063,,,0.0,,
2025-07-22,0.91,0.853,0.8897,113037273.43,99603301.41,0.9039,direct,,ADA,0.015960436102056885,0.025381445481632292,0.08864265927977844,,,0.0,,
2025-07-23,0.9042,0.7861,0.9039,122976049.19,102374360.24,0.8164,direct,,ADA,-0.09680274366633479,0.053721671150800544,-0.0490390215492138,,,0.0,,
2025-07-24,0.8389,0.7623,0.8164,144567541.8,116952534.81,0.8061,direct,,ADA,-0.012616364527192503,0.04577182333710586,-0.09396425761492644,,,0.0,,
2025-07-25,0.8184,0.775,0.8061,95707569.13,76373315.84,0.816,direct,,ADA,0.01228135467063618,0.04598962954645877,-0.0972452704945238,,,0.0,,
2025-07-26,0.8388,0.8123,0.816,42086546.19,34749591.39,0.82,direct,,ADA,0.004901960784313708,0.045513280426090964,0.004409603135717699,,,0.0,,
2025-07-27,0.8395,0.8147,0.82,45256146.36,37433935.12,0.8323,direct,,ADA,0.015000000000000124,0.04362053687071786,0.03250217094653274,,,0.0,,
2025-07-28,0.8559,0.7858,0.8323,80851103.45,66232412.4,0.7931,direct,,ADA,-0.047098402018502905,0.04227875929579754,-0.02806372549019598,,,0.0,,
2025-07-29,0.8098,0.7691,0.7931,63104857.41,49680113.44,0.7828,direct,,ADA,-0.012987012987012991,0.04004758266525653,-0.045365853658536515,,,0.0,,
2025-07-30,0.7895,0.7307,0.7828,66068052.9,50412007.9,0.7633,direct,,ADA,-0.02491057741440994,0.022192065975049646,-0.08290279947134449,,,0.0,,
2025-07-31,0.7893,0.736,0.7633,50219170.12,38429485.33,0.739,direct,,ADA,-0.03183545132975241,0.023794959586966504,-0.06821334005800028,,,0.0,,
2025-08-01,0.7409,0.6961,0.739,126316694.54,91573575.85,0.7143,direct,,ADA,-0.033423545331529025,0.02220998803671088,-0.08750638732754212,,,0.0,,
2025-08-02,0.7273,0.6843,0.7143,54673694.52,38414395.25,0.6973,direct,,ADA,-0.02379952400951979,0.0196445803729917,-0.08646665793266073,,,0.0,,
2025-08-03,0.7309,0.687,0.6973,45553935.71,32664947.37,0.7271,direct,,ADA,0.04273626846407552,0.029061420120495268,-0.01610284167794318,,,0.0,,
2025-08-04,0.7591,0.7252,0.7271,56445819.83,41983026.4,0.7547,direct,,ADA,0.03795901526612577,0.0327815956830149,0.05655886882262351,,,0.0,,
2025-08-05,0.7598,0.713,0.7547,56691742.31,41540765.82,0.7257,direct,,ADA,-0.03842586458195307,0.03494519477034238,0.0407285243080453,,,0.0,,
2025-08-06,0.7481,0.7107,0.7257,46296892.36,33688781.56,0.7415,direct,,ADA,0.021772082127601067,0.036114368044344286,0.019804703617109176,,,0.0,,
2025-08-07,0.746,0.7358,0.7415,3224035.6,2387868.77,0.7364,direct,,ADA,-0.006877950101146335,0.03403111940658768,-0.024248045581025557,0.53685,0.17325585665906554,4.0,0.53685,0.733296
2025-07-08,18.48,17.69,18.0,611732.46,11099210.12,18.37,direct,,AVAX,,,,0.53685,0.17325585665906554,0.0,0.53685,0.733296
2025-07-09,19.62,18.1,18.37,750411.71,14034802.29,19.51,direct,,AVAX,0.062057702776265655,,,0.53685,0.17325585665906554,0.0,0.53685,0.733296
2025-07-10,20.78,19.34,19.51,682092.71,13556363.44,20.7,direct,,AVAX,0.060994361865709834,,,0.53685,0.17325585665906554,0.0,0.53685,0.733296
2025-07-11,21.53,20.34,20.7,827103.56,17367478.39,20.68,direct,,AVAX,-0.0009661835748792091,,0.12574850299401197,0.53685,0.17325585665906554,0.0,0.53685,0.733296
2025-07-12,21.08,20.19,20.68,575034.94,11898812.46,20.69,direct,,AVAX,0.00048355899419738613,,0.06048180420297289,0.53685,0.17325585665906554,0.0,0.53685,0.733296
2025-07-13,21.78,20.68,20.69,775922.71,16528334.95,21.21,direct,,AVAX,0.025132914451425847,,0.024637681159420444,0.53685,0.17325585665906554,0.0,0.53685,0.733296
2025-07-14,22.08,21.03,21.21,972970.95,21008151.68,21.27,direct,,AVAX,0.0028288543140027045,,0.02852998065764023,0.53685,0.17325585665906554,0.0,0.53685,0.733296
2025-07-15,22.57,20.4,21.27,1133104.65,24075831.25,22.51,direct,,AVAX,0.05829807240244489,0.029947221277400297,0.08796520057999024,0.53685,0.17325585665906554,0.0,0.53685,0.733296
2025-07-16,23.03,21.62,22.51,1088141.72,24306911.81,22.68,direct,,AVAX,0.0075521990226565805,0.02712497341311694,0.06930693069306915,0.53685,0.17325585665906554,0.0,0.53685,0.733296
2025-07-17,24.33,22.04,22.68,1348301.82,30958727.17,23.92,direct,,AVAX,0.05467372134038806,0.025679026461130516,0.12458862247296665,0.53685,0.17325585665906554,0.0,0.53685,0.733296
2025-07-18,25.04,23.09,23.92,1440135.1,34790620.05,23.54,direct,,AVAX,-0.015886287625418216,0.028304988651543832,0.045757441137272314,0.53685,0.17325585665906554,0.0,0.53685,0.733296
2025-07-19,25.24,23.02,23.54,916373.18,22200280.46,24.51,direct,,AVAX,0.04120645709430759,0.028045880777885796,0.0806878306878307,0.53685,0.17325585665906554,0.0,0.53685,0.733296
2025-07-20,25.56,24.32,24.51,964675.85,24122423.3,25.06,direct,,AVAX,0.022439820481436,0.028059491958516307,0.04765886287625398,0.53685,0.17325585665906554,0.0,0.53685,0.733296
2025-07-21,26.47,24.66,25.06,1220881.81,31414244.47,25.44,direct,,AVAX,0.015163607342378427,0.026836447511379695,0.08071367884451996,0.53685,0.17325585665906554,0.0,0.53685,0.733296
2025-07-22,26.09,24.73,25.44,1972287.78,49860403.78,25.9,direct,,AVAX,0.01808176100628911,0.022826467192731306,0.05671154630762931,0.53685,0.17325585665906554,0.0,0.53685,0.733296
2025-07-23,26.12,23.17,25.9,1410307.36,34628354.15,23.96,direct,,AVAX,-0.07490347490347482,0.042978396661508364,-0.043894652833200265,0.53685,0.17325585665906554,0.0,0.53685,0.733296
2025-07-24,24.45,22.56,23.96,904368.89,21449689.12,23.67,direct,,AVAX,-0.012103505843071738,0.0382157398205573,-0.06957547169811318,0.53685,0.17325585665906554,0.0,0.53685,0.733296
2025-07-25,24.03,22.87,23.67,672961.71,15766784.41,24.0,direct,,AVAX,0.0139416983523446,0.03792250806180668,-0.07335907335907332,0.53685,0.17325585665906554,0.0,0.53685,0.733296
2025-07-26,25.77,23.86,24.0,743473.08,18443350.52,24.93,direct,,AVAX,0.03875000000000006,0.03752366028110249,0.04048414023372282,0.53685,0.17325585665906554,0.0,0.53685,0.733296
2025-07-27,26.46,24.76,24.93,819923.14,20791123.34,26.06,direct,,AVAX,0.04532691536301647,0.04038267253488779,0.10097169412758755,0.53685,0.17325585665906554,0.0,0.53685,0.733296
2025-07-28,27.38,25.0,26.06,1584941.16,41850357.89,25.19,direct,,AVAX,-0.033384497313890926,0.042712863690535216,0.04958333333333331,0.53685,0.17325585665906554,0.0,0.53685,0.733296
2025-07-29,25.51,23.88,25.19,1106748.44,27238272.81,24.37,direct,,AVAX,-0.03255260023818973,0.043302640756262945,-0.022462896109105457,0.53685,0.17325585665906554,0.0,0.53685,0.733296
2025-07-30,24.5,22.42,24.37,963127.78,22577474.33,23.31,direct,,AVAX,-0.04349610176446461,0.036249254014886455,-0.10552570990023025,0.53685,0.17325585665906554,0.0,0.53685,0.733296
2025-07-31,24.11,22.4,23.31,689890.16,16012014.57,22.48,direct,,AVAX,-0.03560703560703549,0.0382286305635253,-0.10758237395791981,0.53685,0.17325585665906554,0.0,0.53685,0.733296
2025-08-01,22.58,21.03,22.48,1327037.84,29122839.5,21.53,direct,,AVAX,-0.042259786476868344,0.039059368006834114,-0.11653672548215022,0.53685,0.17325585665906554,0.0,0.53685,0.733296
2025-08-02,21.81,20.66,21.53,674150.98,14270201.85,20.85,direct,,AVAX,-0.0315838365071992,0.03127507319320248,-0.10553410553410547,0.53685,0.17325585665906554,0.0,0.53685,0.733296
2025-08-03,21.54,20.58,20.85,311484.91,6627572.76,21.37,direct,,AVAX,0.02494004796163063,0.02368524584810005,-0.04937722419928825,0.53685,0.17325585665906554,0.0,0.53685,0.733296
2025-08-04,23.13,21.35,21.37,1481466.38,33069137.39,23.11,direct,,AVAX,0.08142255498362183,0.04718730311886886,0.07338597306084527,0.53685,0.17325585665906554,0.0,0.53685,0.733296
2025-08-05,23.13,21.43,23.11,671526.12,14934811.47,21.92,direct,,AVAX,-0.05149286023366495,0.0491124490345418,0.05131894484412469,0.53685,0.17325585665906554,0.0,0.53685,0.733296
2025-08-06,22.39,21.57,21.92,566870.24,12496469.75,22.23,direct,,AVAX,0.014142335766423209,0.04816782602356091,0.040243331773514246,0.53685,0.17325585665906554,0.0,0.53685,0.733296
2025-08-07,22.33,22.02,22.23,28939.03,641935.51,22.06,direct,,AVAX,-0.007647323436797193,0.046409091395545804,-0.04543487667676338,0.53685,0.17325585665906554,0.0,0.53685,0.733296
2025-07-08,109248.31,107445.04,108277.16,12122.12,1316408874.89,108955.05,direct,,BTC,,,,0.53685,0.17325585665906554,0.0,0.53685,0.733296
2025-07-09,112077.21,108341.92,108955.05,19761.34,2177951432.55,111291.7,direct,,BTC,0.021445999978890296,,,0.53685,0.17325585665906554,0.0,0.53685,0.733296
2025-07-10,116848.31,110555.52,111291.7,31905.27,3616719327.76,116023.34,direct,,BTC,0.04251565929894152,,,0.53685,0.17325585665906554,0.0,0.53685,0.733296
2025-07-11,118890.32,115236.69,116023.34,26050.27,3060911543.15,117573.92,direct,,BTC,0.013364379960101092,,0.07910482350290327,0.53685,0.17325585665906554,0.0,0.53685,0.733296
2025-07-12,118239.99,116954.09,117573.92,7395.67,869899617.34,117468.16,direct,,BTC,-0.0008995192131043828,,0.055497939199419255,0.53685,0.17325585665906554,0.0,0.53685,0.733296
2025-07-13,119503.56,117264.6,117468.16,9553.52,1133368267.75,119127.66,direct,,BTC,0.014127232434729464,,0.026755995819461864,0.53685,0.17325585665906554,0.0,0.53685,0.733296
2025-07-14,123220.28,118951.55,119127.66,31361.7,3784774921.45,119869.01,direct,,BTC,0.006223155898470445,,0.019520400442547103,0.53685,0.17325585665906554,0.0,0.53685,0.733296
2025-07-15,119958.94,115709.64,119869.01,50123.19,5881848280.87,117777.9,direct,,BTC,-0.01744495929348211,0.018665838774697643,0.0026367996229785806,0.53685,0.17325585665906554,0.0,0.53685,0.733296
2025-07-16,120122.22,117043.92,117777.9,27837.68,3310853209.79,118700.37,direct,,BTC,0.00783228432498806,0.018138315692780328,-0.0035868244201221477,0.53685,0.17325585665906554,0.0,0.53685,0.733296
2025-07-17,121020.95,117485.98,118700.37,25218.52,3000532789.4,119282.74,direct,,BTC,0.004906218910690985,0.010759432943603873,-0.004890922182472224,0.53685,0.17325585665906554,0.0,0.53685,0.733296
2025-07-18,120911.16,116902.92,119282.74,26111.51,3096339405.33,118025.92,direct,,BTC,-0.010536478286799933,0.011085618392597996,0.002105828003386101,0.53685,0.17325585665906554,0.0,0.53685,0.733296
2025-07-19,118572.53,117339.41,118025.92,6706.12,791893576.81,117913.27,direct,,BTC,-0.0009544513611924321,0.011086877118917954,-0.006630981857933427,0.53685,0.17325585665906554,0.0,0.53685,0.733296
2025-07-20,118903.91,116533.22,117913.27,9166.19,1081488186.29,117328.61,direct,,BTC,-0.004958390179493843,0.009426285826148625,-0.016382336623052107,0.53685,0.17325585665906554,0.0,0.53685,0.733296
2025-07-21,119712.2,116581.7,117328.61,18543.72,2187836280.67,117441.75,direct,,BTC,0.0009643001821977304,0.00884066254134534,-0.004949506006816096,0.53685,0.17325585665906554,0.0,0.53685,0.733296
2025-07-22,120298.65,116186.23,117441.75,21981.53,2607540535.18,120023.5,direct,,BTC,0.021983238499085678,0.010434380672238331,0.017896458982097574,0.53685,0.17325585665906554,0.0,0.53685,0.733296
2025-07-23,120167.5,117361.89,120023.5,17163.7,2029832616.05,118808.78,direct,,BTC,-0.01012068469924643,0.011157736076274584,0.01261559307657345,0.53685,0.17325585665906554,0.0,0.53685,0.733296
2025-07-24,119555.88,117214.42,118808.78,17930.71,2128340080.84,118397.33,direct,,BTC,-0.0034631278934098564,0.011014807567600569,0.008136629435443465,0.53685,0.17325585665906554,0.0,0.53685,0.733296
2025-07-25,118523.27,114756.37,118397.33,47767.94,5546818211.88,117644.11,direct,,BTC,-0.006361798868268376,0.01051485274795554,-0.01982436772798657,0.53685,0.17325585665906554,0.0,0.53685,0.733296
2025-07-26,118355.11,117143.68,117644.11,10959.83,1291296798.52,117971.27,direct,,BTC,0.002780929704003121,0.01057756072132673,-0.007049226496560257,0.53685,0.17325585665906554,0.0,0.53685,0.733296
2025-07-27,119808.28,117872.15,117971.27,10341.68,1228024808.19,119468.71,direct,,BTC,0.012693259977619942,0.011248498919549006,0.00904902162911947,0.53685,0.17325585665906554,0.0,0.53685,0.733296
2025-07-28,119835.44,117403.28,119468.71,18092.6,2142740462.44,118059.92,direct,,BTC,-0.011792125318838775,0.01252590554897779,0.0035344735915805447,0.53685,0.17325585665906554,0.0,0.53685,0.733296
2025-07-29,119285.96,116933.73,118059.92,17580.06,2073820445.19,117942.11,direct,,BTC,-0.0009978831088484075,0.008378853598125303,-0.00024717882582769857,0.53685,0.17325585665906554,0.0,0.53685,0.733296
2025-07-30,118800.1,115769.47,117942.11,18335.33,2153325010.48,117853.3,direct,,BTC,-0.0007529965336383615,0.0076706535767231,-0.013521615827273958,0.53685,0.17325585665906554,0.0,0.53685,0.733296
2025-07-31,118927.15,115493.77,117853.3,16934.89,1991848800.07,115765.36,direct,,BTC,-0.01771643220851693,0.009947726963628027,-0.019435554420162204,0.53685,0.17325585665906554,0.0,0.53685,0.733296
2025-08-01,116060.68,112682.82,115765.36,33588.86,3851719228.71,113263.48,direct,,BTC,-0.021611646178096855,0.012183424316743937,-0.03966886805738856,0.53685,0.17325585665906554,0.0,0.53685,0.733296
2025-08-02,114033.98,112006.36,113263.48,12452.57,1407609649.0,112546.32,direct,,BTC,-0.0063317849672285265,0.011645757743428978,-0.04503038947572957,0.53685,0.17325585665906554,0.0,0.53685,0.733296
2025-08-03,114803.51,111925.95,112546.32,8326.85,947196437.08,114238.83,direct,,BTC,0.015038341546840472,0.012309561324399492,-0.013186414312536976,0.53685,0.17325585665906554,0.0,0.53685,0.733296
2025-08-04,115744.56,114140.41,114238.83,14470.62,1662390456.96,115065.9,direct,,BTC,0.007239832550806069,0.012980249370254101,0.01591351422364906,0.53685,0.17325585665906554,0.0,0.53685,0.733296
2025-08-05,115111.39,112629.49,115065.9,16922.91,1925704360.18,114127.63,direct,,BTC,-0.008154196855888585,0.013023777579584618,0.014050303910425388,0.53685,0.17325585665906554,0.0,0.53685,0.733296
2025-08-06,115748.22,113364.73,114127.63,14480.66,1659630182.7,115038.45,direct,,BTC,0.007980714223190244,0.013847458295663992,0.006999546476447627,0.53685,0.17325585665906554,0.0,0.53685,0.733296
2025-08-07,115224.01,114445.1,115038.45,965.76,110920620.54,114536.1,direct,,BTC,-0.004366800839197604,0.012383418419418764,-0.0046043180473102074,0.3507088888888889,0.29315099094632185,18.0,0.3507088888888889,0.733296
2025-07-08,0.1719,0.166,0.168,220960540.07,37452481.16,0.171,direct,,DOGE,,,,0.3507088888888889,0.29315099094632185,0.0,0.3507088888888889,0.733296
2025-07-09,0.1865,0.17,0.171,517942953.26,90643776.35,0.1806,direct,,DOGE,0.056140350877192935,,,0.3507088888888889,0.29315099094632185,0.0,0.3507088888888889,0.733296
2025-07-10,0.1964,0.1788,0.1806,372025721.06,69046029.45,0.1951,direct,,DOGE,0.08028792912513838,,,0.3507088888888889,0.29315099094632185,0.0,0.3507088888888889,0.733296
2025-07-11,0.2138,0.1913,0.1951,1038235091.3,211951139.34,0.2012,direct,,DOGE,0.03126601742696056,,0.17660818713450288,0.3507088888888889,0.29315099094632185,0.0,0.3507088888888889,0.733296
2025-07-12,0.2065,0.192,0.2012,394961807.49,78517753.99,0.1974,direct,,DOGE,-0.0188866799204771,,0.09302325581395343,0.3507088888888889,0.29315099094632185,0.0,0.3507088888888889,0.733296
2025-07-13,0.2042,0.1959,0.1974,355547939.2,70958024.49,0.1986,direct,,DOGE,0.006079027355623046,,0.01793951819579709,0.3507088888888889,0.29315099094632185,0.0,0.3507088888888889,0.733296
2025-07-14,0.2108,0.1947,0.1986,477524845.65,97010171.34,0.1975,direct,,DOGE,-0.0055387713997985255,,-0.018389662027832876,0.3507088888888889,0.29315099094632185,0.0,0.3507088888888889,0.733296
2025-07-15,0.1993,0.1885,0.1975,453945622.39,87782402.87,0.1992,direct,,DOGE,0.008607594936708818,0.035377979551313755,0.00911854103343468,0.3507088888888889,0.29315099094632185,0.0,0.3507088888888889,0.733296
2025-07-16,0.2207,0.1956,0.1992,616589191.1,127395372.81,0.2127,direct,,DOGE,0.06777108433734935,0.03743119930689095,0.07099697885196377,0.3507088888888889,0.29315099094632185,0.0,0.3507088888888889,0.733296
2025-07-17,0.2225,0.2067,0.2127,921664717.88,197220658.21,0.2184,direct,,DOGE,0.026798307475317307,0.028465110052451784,0.10582278481012652,0.3507088888888889,0.29315099094632185,0.0,0.3507088888888889,0.733296
2025-07-18,0.2543,0.2164,0.2184,1276936630.77,302970106.03,0.236,direct,,DOGE,0.08058608058608052,0.03740468597925844,0.18473895582329325,0.3507088888888889,0.29315099094632185,0.0,0.3507088888888889,0.733296
2025-07-19,0.2578,0.2358,0.236,775844969.04,191715757.28,0.2415,direct,,DOGE,0.02330508474576276,0.03248772635905666,0.13540197461212977,0.3507088888888889,0.29315099094632185,0.0,0.3507088888888889,0.733296
2025-07-20,0.2782,0.2401,0.2415,1257012784.49,327315939.19,0.2739,direct,,DOGE,0.1341614906832298,0.048911568969053666,0.2541208791208789,0.3507088888888889,0.29315099094632185,0.0,0.3507088888888889,0.733296
2025-07-21,0.2876,0.2645,0.2739,1384844111.82,380774294.47,0.2716,direct,,DOGE,-0.008397225264694996,0.049441677310632065,0.15084745762711882,0.3507088888888889,0.29315099094632185,0.0,0.3507088888888889,0.733296
2025-07-22,0.275,0.2576,0.2716,890531030.16,237042525.77,0.2709,direct,,DOGE,-0.002577319587628968,0.05106398933601665,0.12173913043478257,0.3507088888888889,0.29315099094632185,0.0,0.3507088888888889,0.733296
2025-07-23,0.2712,0.2307,0.2709,1080115035.13,267238732.45,0.2408,direct,,DOGE,-0.11111111111111105,0.07666575559621551,-0.12084702446148232,0.3507088888888889,0.29315099094632185,0.0,0.3507088888888889,0.733296
2025-07-24,0.2468,0.222,0.2408,987355080.03,233692401.85,0.2322,direct,,DOGE,-0.0357142857142857,0.07938810045267919,-0.14506627393225335,0.3507088888888889,0.29315099094632185,0.0,0.3507088888888889,0.733296
2025-07-25,0.237,0.2209,0.2322,887635559.26,202595424.45,0.2368,direct,,DOGE,0.019810508182601216,0.07368744785184045,-0.12587670727205602,0.3507088888888889,0.29315099094632185,0.0,0.3507088888888889,0.733296
2025-07-26,0.2403,0.233,0.2368,324589875.63,77009999.51,0.2355,direct,,DOGE,-0.005489864864864913,0.07315262873009092,-0.02200996677740863,0.3507088888888889,0.29315099094632185,0.0,0.3507088888888889,0.733296
2025-07-27,0.2438,0.2343,0.2355,467547698.64,111631349.18,0.2408,direct,,DOGE,0.022505307855626322,0.04571060521987095,0.03703703703703698,0.3507088888888889,0.29315099094632185,0.0,0.3507088888888889,0.733296
2025-07-28,0.2486,0.2243,0.2408,538976552.91,127861566.05,0.2261,direct,,DOGE,-0.061046511627906974,0.048265166005016645,-0.045185810810810856,0.3507088888888889,0.29315099094632185,0.0,0.3507088888888889,0.733296
2025-07-29,0.2327,0.2174,0.2261,510417972.95,114718860.94,0.2239,direct,,DOGE,-0.009730207872622798,0.04778955939088224,-0.049256900212314214,0.3507088888888889,0.29315099094632185,0.0,0.3507088888888889,0.733296
2025-07-30,0.2265,0.2092,0.2239,492103510.06,107518702.0,0.2199,direct,,DOGE,-0.017865118356409027,0.029582104605979695,-0.08679401993355473,0.3507088888888889,0.29315099094632185,0.0,0.3507088888888889,0.733296
2025-07-31,0.2256,0.2082,0.2199,425992895.58,92891735.51,0.2098,direct,,DOGE,-0.045929968167348956,0.03112948368335263,-0.07209199469261396,0.3507088888888889,0.29315099094632185,0.0,0.3507088888888889,0.733296
2025-08-01,0.2125,0.1956,0.2098,869723933.76,178610045.69,0.201,direct,,DOGE,-0.041944709246901746,0.028611459809414118,-0.10227780259044206,0.3507088888888889,0.29315099094632185,0.0,0.3507088888888889,0.733296
2025-08-02,0.2034,0.1894,0.201,404319973.32,79357679.31,0.191,direct,,DOGE,-0.04975124378109452,0.02903964678780348,-0.1314233742610278,0.3507088888888889,0.29315099094632185,0.0,0.3507088888888889,0.733296
2025-08-03,0.2004,0.1886,0.191,295981357.18,58216577.67,0.1988,direct,,DOGE,0.0408376963350785,0.03473781865079665,-0.052430886558627154,0.3507088888888889,0.29315099094632185,0.0,0.3507088888888889,0.733296
2025-08-04,0.2113,0.1985,0.1988,392447972.64,80194726.51,0.2104,direct,,DOGE,0.05835010060362178,0.043219365440058444,0.04676616915422871,0.3507088888888889,0.29315099094632185,0.0,0.3507088888888889,0.733296
2025-08-05,0.211,0.1961,0.2104,342718999.88,69314930.34,0.1998,direct,,DOGE,-0.050380228136882144,0.04591292374460856,0.04607329842931929,0.3507088888888889,0.29315099094632185,0.0,0.3507088888888889,0.733296
2025-08-06,0.2072,0.1956,0.1998,270816524.17,54586643.21,0.2053,direct,,DOGE,0.027527527527527518,0.04860699287051879,0.032696177062374376,0.3507088888888889,0.29315099094632185,0.0,0.3507088888888889,0.733296
2025-08-07,0.2066,0.2036,0.2053,25693992.15,5261798.41,0.2039,direct,,DOGE,-0.006819288845591909,0.04578782879874879,-0.030893536121673004,0.5408933333333333,0.25028825728214527,3.0,0.5408933333333333,0.733296
2025-07-08,3.475,3.327,3.37,2467391.85,8409580.76,3.448,direct,,DOT,,,,0.5408933333333333,0.25028825728214527,0.0,0.5408933333333333,0.733296
2025-07-09,3.659,3.418,3.448,2500842.83,8800420.05,3.621,direct,,DOT,0.05017401392111376,,,0.5408933333333333,0.25028825728214527,0.0,0.5408933333333333,0.733296
2025-07-10,3.892,3.592,3.621,3176480.9,11783127.86,3.88,direct,,DOT,0.07152720243026778,,,0.5408933333333333,0.25028825728214527,0.0,0.5408933333333333,0.733296
2025-07-11,4.108,3.812,3.88,4143055.93,16434070.29,3.909,direct,,DOT,0.007474226804123685,,0.13370069605568435,0.5408933333333333,0.25028825728214527,0.0,0.5408933333333333,0.733296
2025-07-12,4.066,3.798,3.909,2361541.69,9251026.16,3.891,direct,,DOT,-0.004604758250191798,,0.07456503728251862,0.5408933333333333,0.25028825728214527,0.0,0.5408933333333333,0.733296
2025-07-13,4.067,3.877,3.891,1842835.05,7338713.79,3.984,direct,,DOT,0.02390131071703938,,0.026804123711340333,0.5408933333333333,0.25028825728214527,0.0,0.5408933333333333,0.733296
2025-07-14,4.196,3.903,3.984,3356230.65,13682886.45,3.951,direct,,DOT,-0.008283132530120474,,0.010744435917114492,0.5408933333333333,0.25028825728214527,0.0,0.5408933333333333,0.733296
2025-07-15,4.098,3.802,3.951,3021914.14,11904347.72,4.083,direct,,DOT,0.03340926347760065,0.02933006128977983,0.049344641480339346,0.5408933333333333,0.25028825728214527,0.0,0.5408933333333333,0.733296
2025-07-16,4.269,4.013,4.083,3213453.85,13325993.29,4.158,direct,,DOT,0.018368846436443764,0.027124734375960753,0.04367469879518082,0.5408933333333333,0.25028825728214527,0.0,0.5408933333333333,0.733296
2025-07-17,4.304,4.071,4.158,4773382.08,19997715.43,4.26,direct,,DOT,0.024531024531024404,0.015750871397507193,0.07820804859529229,0.5408933333333333,0.25028825728214527,0.0,0.5408933333333333,0.733296
2025-07-18,4.625,4.141,4.26,6215677.98,27421885.32,4.231,direct,,DOT,-0.006807511737089156,0.01749617820175927,0.03624785696791566,0.5408933333333333,0.25028825728214527,0.0,0.5408933333333333,0.733296
2025-07-19,4.455,4.136,4.231,1890151.39,8106598.11,4.41,direct,,DOT,0.042306783266367276,0.01919985186807162,0.06060606060606055,0.5408933333333333,0.25028825728214527,0.0,0.5408933333333333,0.733296
2025-07-20,4.587,4.351,4.41,3426705.67,15322389.91,4.482,direct,,DOT,0.01632653061224487,0.019037995307658314,0.05211267605633818,0.5408933333333333,0.25028825728214527,0.0,0.5408933333333333,0.733296
2025-07-21,4.675,4.397,4.482,4674665.71,21231444.75,4.498,direct,,DOT,0.0035698348951360703,0.016797068412907238,0.06310564878279368,0.5408933333333333,0.25028825728214527,0.0,0.5408933333333333,0.733296
2025-07-22,4.554,4.282,4.498,5153486.11,22727884.41,4.552,direct,,DOT,0.012005335704757591,0.015603310399895797,0.03219954648526069,0.5408933333333333,0.25028825728214527,0.0,0.5408933333333333,0.733296
2025-07-23,4.552,4.002,4.552,5732914.18,24291913.2,4.114,direct,,DOT,-0.09622144112478026,0.04493948144626537,-0.0821062025881304,0.5408933333333333,0.25028825728214527,0.0,0.5408933333333333,0.733296
2025-07-24,4.201,3.899,4.114,4376970.0,17741509.39,4.003,direct,,DOT,-0.026981040350024244,0.044349644938752396,-0.11004891062694533,0.5408933333333333,0.25028825728214527,0.0,0.5408933333333333,0.733296
2025-07-25,4.1,3.865,4.003,3510568.94,13977591.84,4.088,direct,,DOT,0.021234074444166806,0.04571766961916359,-0.10193321616871698,0.5408933333333333,0.25028825728214527,0.0,0.5408933333333333,0.733296
2025-07-26,4.197,4.07,4.088,1569665.81,6475300.48,4.126,direct,,DOT,0.009295499021526377,0.04167267396131553,0.002916869227029828,0.5408933333333333,0.25028825728214527,0.0,0.5408933333333333,0.733296
2025-07-27,4.253,4.116,4.126,1645767.5,6877827.77,4.239,direct,,DOT,0.027387300048473007,0.04296850062251249,0.05895578316262795,0.5408933333333333,0.25028825728214527,0.0,0.5408933333333333,0.733296
2025-07-28,4.309,3.933,4.239,2835103.0,11703857.98,3.964,direct,,DOT,-0.0648737909884407,0.04766601716883216,-0.03033268101761255,0.5408933333333333,0.25028825728214527,0.0,0.5408933333333333,0.733296
2025-07-29,4.081,3.821,3.964,3320741.69,13114702.1,3.904,direct,,DOT,-0.015136226034308753,0.04599960426567071,-0.05380513814832777,0.5408933333333333,0.25028825728214527,0.0,0.5408933333333333,0.733296
2025-07-30,3.92,3.629,3.904,3348568.55,12732546.14,3.807,direct,,DOT,-0.024846311475409832,0.03237741133900687,-0.10191082802547768,0.5408933333333333,0.25028825728214527,0.0,0.5408933333333333,0.733296
2025-07-31,3.919,3.668,3.807,2336591.37,8891794.65,3.682,direct,,DOT,-0.032834252692408694,0.03294282225640655,-0.07114026236125126,0.5408933333333333,0.25028825728214527,0.0,0.5408933333333333,0.733296
2025-08-01,3.723,3.45,3.682,4747124.56,17169535.54,3.547,direct,,DOT,-0.036664856056490946,0.03056753257481902,-0.09144467213114749,0.5408933333333333,0.25028825728214527,0.0,0.5408933333333333,0.733296
2025-08-02,3.628,3.427,3.547,2355629.81,8311824.67,3.507,direct,,DOT,-0.011277135607555722,0.02821738375846127,-0.07880220646178093,0.5408933333333333,0.25028825728214527,0.0,0.5408933333333333,0.733296
2025-08-03,3.626,3.459,3.507,1751543.51,6266926.65,3.604,direct,,DOT,0.027658967778728227,0.02829767694761694,-0.021184139054861495,0.5408933333333333,0.25028825728214527,0.0,0.5408933333333333,0.733296
2025-08-04,3.755,3.6,3.604,1904608.02,6981387.43,3.72,direct,,DOT,0.03218645948945609,0.027889491500940895,0.04877361150267823,0.5408933333333333,0.25028825728214527,0.0,0.5408933333333333,0.733296
2025-08-05,3.723,3.538,3.72,2039382.4,7412618.01,3.62,direct,,DOT,-0.026881720430107503,0.02868315261028592,0.032221271742229884,0.5408933333333333,0.25028825728214527,0.0,0.5408933333333333,0.733296
2025-08-06,3.696,3.554,3.62,1420324.87,5148999.54,3.675,direct,,DOT,0.015193370165745845,0.029303083542307543,0.019700332963374034,0.5408933333333333,0.25028825728214527,0.0,0.5408933333333333,0.733296
2025-08-07,3.696,3.651,3.675,135055.24,495892.28,3.654,direct,,DOT,-0.005714285714285672,0.0266279001850735,-0.01774193548387104,0.5408933333333333,0.25028825728214527,0.0,0.5408933333333333,0.733296
2025-07-08,2628.25,2523.96,2542.5,302820.26,782816619.68,2616.29,direct,,ETH,,,,0.5408933333333333,0.25028825728214527,0.0,0.5408933333333333,0.733296
2025-07-09,2796.41,2590.85,2616.29,520588.94,1401139415.9,2769.99,direct,,ETH,0.058747310122348795,,,0.5408933333333333,0.25028825728214527,0.0,0.5408933333333333,0.733296
2025-07-10,3000.74,2756.79,2769.99,615589.48,1744393184.02,2951.31,direct,,ETH,0.06545872006758158,,,0.5408933333333333,0.25028825728214527,0.0,0.5408933333333333,0.733296
2025-07-11,3039.9,2914.32,2951.31,663817.63,1980022543.13,2959.03,direct,,ETH,0.002615787565521943,,0.1310022971459588,0.5408933333333333,0.25028825728214527,0.0,0.5408933333333333,0.733296
2025-07-12,2980.71,2905.43,2959.03,234302.3,689836595.19,2944.27,direct,,ETH,-0.004988121107254773,,0.06291719464691226,0.5408933333333333,0.25028825728214527,0.0,0.5408933333333333,0.733296
2025-07-13,3021.17,2937.49,2944.27,258053.21,768491471.97,2973.01,direct,,ETH,0.009761333029919106,,0.007352667120702483,0.5408933333333333,0.25028825728214527,0.0,0.5408933333333333,0.733296
2025-07-14,3083.04,2964.19,2973.01,572787.88,1733654671.96,3014.66,direct,,ETH,0.014009370974197743,,0.01880007975586584,0.5408933333333333,0.25028825728214527,0.0,0.5408933333333333,0.733296
2025-07-15,3144.48,2933.53,3014.66,615194.29,1864246145.13,3139.33,direct,,ETH,0.041354580616056236,0.028214008090274932,0.0662507174953384,0.5408933333333333,0.25028825728214527,0.0,0.5408933333333333,0.733296
2025-07-16,3425.33,3101.74,3139.33,765848.69,2498357116.86,3373.1,direct,,ETH,0.07446493360048168,0.03160981779285164,0.13457405121408939,0.5408933333333333,0.25028825728214527,0.0,0.5408933333333333,0.733296
2025-07-17,3526.44,3312.55,3373.1,758805.07,2597432476.09,3479.48,direct,,ETH,0.031537754587767974,0.02740065442641006,0.15418654176590407,0.5408933333333333,0.25028825728214527,0.0,0.5408933333333333,0.733296
2025-07-18,3676.78,3462.02,3479.48,867005.63,3107895984.56,3549.56,direct,,ETH,0.020140940600319457,0.02586736519770284,0.13067437956506645,0.5408933333333333,0.25028825728214527,0.0,0.5408933333333333,0.733296
2025-07-19,3610.57,3510.16,3549.56,274622.3,978223077.89,3594.34,direct,,ETH,0.012615648136670599,0.022977523271663892,0.06558951706145688,0.5408933333333333,0.25028825728214527,0.0,0.5408933333333333,0.733296
2025-07-20,3825.1,3581.09,3594.34,484664.07,1803996590.01,3758.64,direct,,ETH,0.04571075635582611,0.021921123583803197,0.08023037925207221,0.5408933333333333,0.25028825728214527,0.0,0.5408933333333333,0.733296
2025-07-21,3859.77,3703.91,3758.64,591211.08,2235864180.81,3764.26,direct,,ETH,0.0014952216759254178,0.024236111795790834,0.06048637014165137,0.5408933333333333,0.25028825728214527,0.0,0.5408933333333333,0.733296
2025-07-22,3800.87,3618.98,3764.26,634426.21,2350611646.53,3748.64,direct,,ETH,-0.004149553962797592,0.02735865126825179,0.04292860441694435,0.5408933333333333,0.25028825728214527,0.0,0.5408933333333333,0.733296
2025-07-23,3766.35,3528.71,3748.64,616049.85,2237459018.02,3630.21,direct,,ETH,-0.031592790985530694,0.02531988135109807,-0.03416927399272074,0.5408933333333333,0.25028825728214527,0.0,0.5408933333333333,0.733296
2025-07-24,3775.3,3510.45,3630.21,631094.36,2321023591.06,3708.76,direct,,ETH,0.021637866679889095,0.02422267866281919,-0.01474393373465166,0.5408933333333333,0.25028825728214527,0.0,0.5408933333333333,0.733296
2025-07-25,3750.35,3575.42,3708.76,646581.07,2367987074.41,3726.01,direct,,ETH,0.0046511502496791035,0.02378232392944345,-0.006036856033121207,0.5408933333333333,0.25028825728214527,0.0,0.5408933333333333,0.733296
2025-07-26,3794.86,3700.41,3726.01,209891.67,785620815.9,3742.79,direct,,ETH,0.0045034769096163885,0.02367157598457784,0.031011980023194274,0.5408933333333333,0.25028825728214527,0.0,0.5408933333333333,0.733296
2025-07-27,3880.83,3732.24,3742.79,257113.7,981387021.29,3874.12,direct,,ETH,0.03508879739445714,0.020880350910779166,0.04458633074127194,0.5408933333333333,0.25028825728214527,0.0,0.5408933333333333,0.733296
2025-07-28,3941.6,3754.34,3874.12,515141.86,1977987690.88,3798.95,direct,,ETH,-0.01940311606248646,0.022791351420550512,0.01957590022571054,0.5408933333333333,0.25028825728214527,0.0,0.5408933333333333,0.733296
2025-07-29,3885.97,3716.15,3798.95,474932.26,1799411630.81,3793.46,direct,,ETH,-0.0014451361560430254,0.022701701482573673,0.013538029117316164,0.5408933333333333,0.25028825728214527,0.0,0.5408933333333333,0.733296
2025-07-30,3833.7,3677.33,3793.46,417457.06,1576605891.64,3810.29,direct,,ETH,0.0044365829612016405,0.017272241051821745,-0.01647599971090208,0.5408933333333333,0.25028825728214527,0.0,0.5408933333333333,0.733296
2025-07-31,3878.33,3684.07,3810.29,372609.46,1411476606.14,3698.19,direct,,ETH,-0.02942033283555845,0.020561234878009413,-0.026523118230037168,0.5408933333333333,0.25028825728214527,0.0,0.5408933333333333,0.733296
2025-08-01,3723.77,3430.49,3698.19,667469.59,2402758445.59,3487.02,direct,,ETH,-0.057100906118939254,0.029446785574933992,-0.08078113384614571,0.5408933333333333,0.25028825728214527,0.0,0.5408933333333333,0.733296
2025-08-02,3536.9,3368.07,3487.02,433396.07,1497485032.53,3393.4,direct,,ETH,-0.026848139672270288,0.02942624204903204,-0.10941161958801038,0.5408933333333333,0.25028825728214527,0.0,0.5408933333333333,0.733296
2025-08-03,3522.08,3356.18,3393.4,243192.4,842128496.52,3497.6,direct,,ETH,0.03070666588082749,0.02824239248993849,-0.05424004715820441,0.5408933333333333,0.25028825728214527,0.0,0.5408933333333333,0.733296
2025-08-04,3737.28,3492.02,3497.6,410236.5,1488663337.16,3720.93,direct,,ETH,0.06385235590118943,0.04052352848367246,0.06708020028563078,0.5408933333333333,0.25028825728214527,0.0,0.5408933333333333,0.733296
2025-08-05,3721.28,3546.78,3720.93,436210.42,1576976876.62,3611.81,direct,,ETH,-0.029326001832875037,0.04178078175894917,0.06436317557611826,0.5408933333333333,0.25028825728214527,0.0,0.5408933333333333,0.733296
2025-08-06,3699.86,3564.36,3611.81,364626.39,1324367589.64,3684.11,direct,,ETH,0.020017664273591418,0.04284601196900025,0.05332513723696253,0.5408933333333333,0.25028825728214527,0.0,0.5408933333333333,0.733296
2025-08-07,3717.77,3651.65,3684.11,37299.67,137305632.94,3660.18,direct,,ETH,-0.006495462947631925,0.04143351579117311,-0.016326563520410176,0.3487142857142857,0.42771634643883905,14.0,0.3487142857142857,0.733296
2025-07-08,14.0,13.2,13.43,1455049.47,19800369.1,13.97,direct,,LINK,,,,0.3487142857142857,0.42771634643883905,0.0,0.3487142857142857,0.733296
2025-07-09,14.38,13.82,13.97,2525105.68,35559482.71,14.25,direct,,LINK,0.02004294917680749,,,0.3487142857142857,0.42771634643883905,0.0,0.3487142857142857,0.733296
2025-07-10,15.34,14.16,14.25,2371704.46,34712560.72,15.24,direct,,LINK,0.06947368421052635,,,0.3487142857142857,0.42771634643883905,0.0,0.3487142857142857,0.733296
2025-07-11,15.87,15.03,15.24,3254546.78,50435724.68,15.29,direct,,LINK,0.0032808398950130435,,0.09448818897637778,0.3487142857142857,0.42771634643883905,0.0,0.3487142857142857,0.733296
2025-07-12,15.48,14.72,15.29,1516751.17,22937004.63,15.11,direct,,LINK,-0.011772400261608862,,0.06035087719298238,0.3487142857142857,0.42771634643883905,0.0,0.3487142857142857,0.733296
2025-07-13,15.95,15.05,15.11,1599999.09,24910789.74,15.66,direct,,LINK,0.03639973527465257,,0.027559055118110187,0.3487142857142857,0.42771634643883905,0.0,0.3487142857142857,0.733296
2025-07-14,16.47,15.58,15.66,3265445.3,52330168.69,15.76,direct,,LINK,0.0063856960408683605,,0.030739045127534448,0.3487142857142857,0.42771634643883905,0.0,0.3487142857142857,0.733296
2025-07-15,16.19,15.14,15.76,2660472.02,41553970.73,16.11,direct,,LINK,0.022208121827411054,0.026428092884588424,0.06618133686300465,0.3487142857142857,0.42771634643883905,0.0,0.3487142857142857,0.733296
2025-07-16,17.04,15.83,16.11,4277684.97,70781065.1,16.68,direct,,LINK,0.035381750465549366,0.026979229621388576,0.06513409961685812,0.3487142857142857,0.42771634643883905,0.0,0.3487142857142857,0.733296
2025-07-17,18.13,16.34,16.68,3797970.6,65225384.55,18.01,direct,,LINK,0.07973621103117523,0.03002880183004221,0.14276649746192915,0.3487142857142857,0.42771634643883905,0.0,0.3487142857142857,0.733296
2025-07-18,19.15,17.34,18.01,5226279.16,95684103.79,17.83,direct,,LINK,-0.009994447529150685,0.03195117783609813,0.10676598386095582,0.3487142857142857,0.42771634643883905,0.0,0.3487142857142857,0.733296
2025-07-19,18.55,17.56,17.83,1787585.84,32329482.21,18.4,direct,,LINK,0.03196859226023552,0.028155645764401438,0.10311750599520386,0.3487142857142857,0.42771634643883905,0.0,0.3487142857142857,0.733296
2025-07-20,19.95,18.34,18.4,4030390.18,77614006.45,19.29,direct,,LINK,0.04836956521739144,0.029038839471635686,0.07107162687395885,0.3487142857142857,0.42771634643883905,0.0,0.3487142857142857,0.733296
2025-07-21,20.28,19.01,19.29,3648537.9,71798432.05,19.5,direct,,LINK,0.010886469673405896,0.028457886804793248,0.09366236679753226,0.3487142857142857,0.42771634643883905,0.0,0.3487142857142857,0.733296
2025-07-22,20.0,18.64,19.5,3720015.69,71698428.5,19.67,direct,,LINK,0.008717948717948731,0.02960377552090679,0.06902173913043486,0.3487142857142857,0.42771634643883905,0.0,0.3487142857142857,0.733296
2025-07-23,19.77,17.57,19.67,3462780.02,64139545.21,18.19,direct,,LINK,-0.07524148449415358,0.04899140971289446,-0.05702436495593566,0.3487142857142857,0.42771634643883905,0.0,0.3487142857142857,0.733296
2025-07-24,18.69,17.19,18.19,3225355.68,58339757.12,17.92,direct,,LINK,-0.014843320505772417,0.03986981951198431,-0.08102564102564092,0.3487142857142857,0.42771634643883905,0.0,0.3487142857142857,0.733296
2025-07-25,18.48,17.27,17.92,2985225.43,53148811.48,18.29,direct,,LINK,0.020647321428571175,0.04027220584210116,-0.07015760040671082,0.3487142857142857,0.42771634643883905,0.0,0.3487142857142857,0.733296
2025-07-26,18.64,18.17,18.29,1464971.1,26928660.76,18.41,direct,,LINK,0.006560962274466897,0.0384737658115879,0.01209455744914778,0.3487142857142857,0.42771634643883905,0.0,0.3487142857142857,0.733296
2025-07-27,19.29,18.37,18.41,2071639.53,39146619.96,19.24,direct,,LINK,0.045084193373166714,0.03781004387855648,0.07366071428571419,0.3487142857142857,0.42771634643883905,0.0,0.3487142857142857,0.733296
2025-07-28,19.55,17.98,19.24,2392383.61,44948359.67,18.11,direct,,LINK,-0.05873180873180872,0.043305435448486175,-0.009841443411700346,0.3487142857142857,0.42771634643883905,0.0,0.3487142857142857,0.733296
2025-07-29,18.63,17.48,18.11,2657942.7,47728324.31,17.83,direct,,LINK,-0.015461071231363976,0.04255048720081585,-0.03150461705594798,0.3487142857142857,0.42771634643883905,0.0,0.3487142857142857,0.733296
2025-07-30,17.94,16.77,17.83,2043088.07,35709103.98,17.71,direct,,LINK,-0.006730229949523103,0.032601929314671874,-0.0795218295218294,0.3487142857142857,0.42771634643883905,0.0,0.3487142857142857,0.733296
2025-07-31,18.23,16.85,17.71,2079056.89,36543513.53,16.93,direct,,LINK,-0.04404291360813106,0.036007243289268055,-0.0651573716178907,0.3487142857142857,0.42771634643883905,0.0,0.3487142857142857,0.733296
2025-08-01,17.03,15.67,16.93,4185067.81,69069368.88,16.07,direct,,LINK,-0.05079740106320141,0.036807579521517884,-0.09871003925967459,0.3487142857142857,0.42771634643883905,0.0,0.3487142857142857,0.733296
2025-08-02,16.24,15.44,16.07,1684943.55,26689232.21,15.64,direct,,LINK,-0.026757934038581177,0.03526463950248507,-0.11688311688311692,0.3487142857142857,0.42771634643883905,0.0,0.3487142857142857,0.733296
2025-08-03,16.4,15.44,15.64,1078751.89,17313283.27,16.3,direct,,LINK,0.0421994884910486,0.034348295474783824,-0.037212049616066056,0.3487142857142857,0.42771634643883905,0.0,0.3487142857142857,0.733296
2025-08-04,17.2,16.28,16.3,1688893.46,28413548.34,17.11,direct,,LINK,0.049693251533742266,0.03955153578704465,0.06471686372121965,0.3487142857142857,0.42771634643883905,0.0,0.3487142857142857,0.733296
2025-08-05,17.12,16.08,17.11,1657534.75,27420908.29,16.38,direct,,LINK,-0.04266510812390423,0.04174948226093399,0.04731457800511496,0.3487142857142857,0.42771634643883905,0.0,0.3487142857142857,0.733296
2025-08-06,16.9,16.04,16.38,1423956.4,23486915.25,16.68,direct,,LINK,0.01831501831501825,0.043252512405603696,0.023312883435582687,0.3487142857142857,0.42771634643883905,0.0,0.3487142857142857,0.733296
2025-08-07,16.81,16.6,16.68,125047.9,2084982.88,16.63,direct,,LINK,-0.00299760191846532,0.04018112108454669,-0.02805376972530682,0.53256,0.42771634643883905,1.0,0.53256,0.733296
2025-07-08,0.316,0.183,0.1851,17485329.89,3692379.71,0.1927,direct,,MATIC,,,,0.53256,0.42771634643883905,0.0,0.53256,0.733296
2025-07-09,0.2108,0.1916,0.1927,10601914.9,2127840.94,0.2082,direct,,MATIC,0.080435910742086,,,0.53256,0.42771634643883905,0.0,0.53256,0.733296
2025-07-10,0.2239,0.1942,0.2082,8796111.82,1851257.77,0.2205,direct,,MATIC,0.05907780979827093,,,0.53256,0.42771634643883905,0.0,0.53256,0.733296
2025-07-11,0.24,0.2175,0.2205,10292815.02,2361182.86,0.2292,direct,,MATIC,0.039455782312925125,,0.18941359626362209,0.53256,0.42771634643883905,0.0,0.53256,0.733296
2025-07-12,0.2361,0.2215,0.2292,6894025.12,1578118.92,0.2261,direct,,MATIC,-0.01352530541012209,,0.08597502401536983,0.53256,0.42771634643883905,0.0,0.53256,0.733296
2025-07-13,0.236,0.2253,0.2261,5202706.31,1206784.4,0.2326,direct,,MATIC,0.02874834144183991,,0.05487528344671211,0.53256,0.42771634643883905,0.0,0.53256,0.733296
2025-07-14,0.2443,0.2265,0.2326,11991055.42,2835547.3,0.2287,direct,,MATIC,-0.016766981943250325,,-0.0021815008726003837,0.53256,0.42771634643883905,0.0,0.53256,0.733296
2025-07-15,0.2339,0.2193,0.2287,7098859.88,1601274.63,0.2339,direct,,MATIC,0.0227372103191954,0.035592145806594117,0.03449800973020789,0.53256,0.42771634643883905,0.0,0.53256,0.733296
2025-07-16,0.2393,0.2234,0.2339,11145556.06,2563598.3,0.2327,direct,,MATIC,-0.005130397605814463,0.02888116749713362,0.00042992261392948983,0.53256,0.42771634643883905,0.0,0.53256,0.733296
2025-07-17,0.2391,0.2247,0.2327,8541629.57,1990305.14,0.2369,direct,,MATIC,0.01804899011602923,0.02214794250405609,0.03585483165719294,0.53256,0.42771634643883905,0.0,0.53256,0.733296
2025-07-18,0.2542,0.2312,0.2369,15311313.63,3709724.01,0.2353,direct,,MATIC,-0.006753904601097482,0.018700682616724744,0.005985463873450225,0.53256,0.42771634643883905,0.0,0.53256,0.733296
2025-07-19,0.2405,0.2305,0.2353,3778090.84,893557.55,0.24,direct,,MATIC,0.01997450063748407,0.017758412225725446,0.0313708637730985,0.53256,0.42771634643883905,0.0,0.53256,0.733296
2025-07-20,0.2581,0.2385,0.24,7662373.79,1910131.96,0.252,direct,,MATIC,0.050000000000000044,0.02284607450749817,0.06373997467285775,0.53256,0.42771634643883905,0.0,0.53256,0.733296
2025-07-21,0.2635,0.2464,0.252,8961430.76,2297511.27,0.2582,direct,,MATIC,0.024603174603174516,0.019325318921569214,0.09732256693582642,0.53256,0.42771634643883905,0.0,0.53256,0.733296
2025-07-22,0.2585,0.2428,0.2582,5412038.35,1355574.51,0.2545,direct,,MATIC,-0.014329976762199825,0.02251154783496024,0.060416666666666785,0.53256,0.42771634643883905,0.0,0.53256,0.733296
2025-07-23,0.2546,0.2242,0.2545,6805585.67,1618072.81,0.2316,direct,,MATIC,-0.08998035363457757,0.04505023433312511,-0.080952380952381,0.53256,0.42771634643883905,0.0,0.53256,0.733296
2025-07-24,0.2375,0.2172,0.2316,4966964.42,1134387.31,0.2289,direct,,MATIC,-0.011658031088082943,0.04448684141272256,-0.1134779240898528,0.53256,0.42771634643883905,0.0,0.53256,0.733296
2025-07-25,0.2349,0.2231,0.2289,2888904.39,662364.89,0.2331,direct,,MATIC,0.01834862385321112,0.045235253243689544,-0.08408644400785859,0.53256,0.42771634643883905,0.0,0.53256,0.733296
2025-07-26,0.2402,0.232,0.2331,2113613.3,497839.87,0.235,direct,,MATIC,0.00815100815100811,0.044561904224768585,0.014680483592400595,0.53256,0.42771634643883905,0.0,0.53256,0.733296
2025-07-27,0.2417,0.2349,0.235,2069085.78,493651.84,0.24,direct,,MATIC,0.02127659574468077,0.04005707267395872,0.04849279161205766,0.53256,0.42771634643883905,0.0,0.53256,0.733296
2025-07-28,0.2444,0.225,0.24,4259362.05,1004220.15,0.2264,direct,,MATIC,-0.05666666666666664,0.04138746724405958,-0.02874302874302881,0.53256,0.42771634643883905,0.0,0.53256,0.733296
2025-07-29,0.2326,0.2176,0.2264,4400279.41,988995.57,0.2215,direct,,MATIC,-0.021643109540635974,0.04137648702496081,-0.057446808510638214,0.53256,0.42771634643883905,0.0,0.53256,0.733296
2025-07-30,0.2229,0.2071,0.2215,4752750.73,1023102.19,0.2164,direct,,MATIC,-0.023024830699774235,0.027670065385066476,-0.09833333333333327,0.53256,0.42771634643883905,0.0,0.53256,0.733296
2025-07-31,0.2233,0.2043,0.2164,4920435.03,1048555.59,0.2046,direct,,MATIC,-0.054528650646950116,0.03258293019883881,-0.09628975265017659,0.53256,0.42771634643883905,0.0,0.53256,0.733296
2025-08-01,0.2056,0.1927,0.2046,11847068.27,2389769.39,0.1972,direct,,MATIC,-0.03616813294232657,0.029532966161397733,-0.10970654627539511,0.53256,0.42771634643883905,0.0,0.53256,0.733296
2025-08-02,0.2002,0.1901,0.1972,2689335.06,525115.06,0.1935,direct,,MATIC,-0.018762677484786883,0.026346838996181846,-0.10582255083179304,0.53256,0.42771634643883905,0.0,0.53256,0.733296
2025-08-03,0.203,0.1908,0.1935,2182815.61,436386.92,0.2019,direct,,MATIC,0.04341085271317824,0.03347953910720116,-0.01319648093841641,0.53256,0.42771634643883905,0.0,0.53256,0.733296
2025-08-04,0.213,0.2001,0.2019,4520288.38,923646.75,0.2117,direct,,MATIC,0.048538880633977266,0.03941307546665533,0.07352941176470584,0.53256,0.42771634643883905,0.0,0.53256,0.733296
2025-08-05,0.2261,0.2071,0.2117,6212940.05,1338840.84,0.2129,direct,,MATIC,0.005668398677373565,0.03929096615972782,0.10025839793281643,0.53256,0.42771634643883905,0.0,0.53256,0.733296
2025-08-06,0.2267,0.2066,0.2129,6033839.8,1324139.67,0.2242,direct,,MATIC,0.05307656176608733,0.04374245939198386,0.11045071817731555,0.53256,0.42771634643883905,0.0,0.53256,0.733296
2025-08-07,0.2312,0.2227,0.2242,1386478.76,316875.07,0.2295,direct,,MATIC,0.023639607493309622,0.03481388186092568,0.08408124704770903,0.53256,0.42771634643883905,0.0,0.53256,0.733296
2025-07-08,152.87,147.86,148.91,905828.62,136427428.99,151.73,direct,,SOL,,,,0.53256,0.42771634643883905,0.0,0.53256,0.733296
2025-07-09,157.97,150.62,151.73,1679964.13,259666672.36,157.11,direct,,SOL,0.03545772095169064,,,0.53256,0.42771634643883905,0.0,0.53256,0.733296
2025-07-10,165.38,155.75,157.11,1549048.19,247646914.87,164.34,direct,,SOL,0.04601871300362803,,,0.53256,0.42771634643883905,0.0,0.53256,0.733296
2025-07-11,168.21,159.65,164.34,1913217.74,314326276.37,162.98,direct,,SOL,-0.008275526347815587,,0.07414486258485464,0.53256,0.42771634643883905,0.0,0.53256,0.733296
2025-07-12,163.98,157.81,162.98,828687.16,133459776.12,160.76,direct,,SOL,-0.013621303227389858,,0.023232130354528424,0.53256,0.42771634643883905,0.0,0.53256,0.733296
2025-07-13,164.22,159.73,160.76,855673.45,138616610.04,161.22,direct,,SOL,0.002861408310524949,,-0.018985031033223798,0.53256,0.42771634643883905,0.0,0.53256,0.733296
2025-07-14,168.66,160.71,161.22,1741667.06,288370746.54,162.26,direct,,SOL,0.0064508125542737105,,-0.004417719965639999,0.53256,0.42771634643883905,0.0,0.53256,0.733296
2025-07-15,164.24,157.22,162.26,1411804.63,226893508.78,164.03,direct,,SOL,0.010908418587452395,0.021939556499493217,0.020340880816123397,0.53256,0.42771634643883905,0.0,0.53256,0.733296
2025-07-16,176.08,161.56,164.03,2645609.47,448832181.75,173.73,direct,,SOL,0.05913552398951394,0.027410090314121328,0.07759583178265728,0.53256,0.42771634643883905,0.0,0.53256,0.733296
2025-07-17,178.23,168.82,173.73,2123299.68,370359016.35,176.0,direct,,SOL,0.01306625223047253,0.02373465972691738,0.08467891039073105,0.53256,0.42771634643883905,0.0,0.53256,0.733296
2025-07-18,184.76,173.37,176.0,2754635.38,493005880.88,177.36,direct,,SOL,0.007727272727272805,0.02240605399956521,0.08126562214229116,0.53256,0.42771634643883905,0.0,0.53256,0.733296
2025-07-19,178.71,174.15,177.36,1527822.78,270528871.82,177.05,direct,,SOL,-0.0017478574650429124,0.02047772284523257,0.01911011339434765,0.53256,0.42771634643883905,0.0,0.53256,0.733296
2025-07-20,183.71,176.43,177.05,2048642.3,369233722.51,181.54,direct,,SOL,0.025360067777463913,0.020191210367243504,0.03147727272727274,0.53256,0.42771634643883905,0.0,0.53256,0.733296
2025-07-21,199.45,178.39,181.54,3983580.47,767167569.74,195.82,direct,,SOL,0.07866035033601415,0.029868393358748597,0.10408209291835813,0.53256,0.42771634643883905,0.0,0.53256,0.733296
2025-07-22,206.4,193.89,195.82,4248991.63,851563456.61,205.8,direct,,SOL,0.05096517209682361,0.02997737234445943,0.16238350748376162,0.53256,0.42771634643883905,0.0,0.53256,0.733296
2025-07-23,205.84,184.1,205.8,2832162.26,545246153.35,189.5,direct,,SOL,-0.07920310981535472,0.049413278318083724,0.04384708604164378,0.53256,0.42771634643883905,0.0,0.53256,0.733296
2025-07-24,192.02,179.48,189.5,2685397.37,500594161.49,182.97,direct,,SOL,-0.03445910290237464,0.05264932738721493,-0.06562148912266363,0.53256,0.42771634643883905,0.0,0.53256,0.733296
2025-07-25,186.92,175.77,182.97,3047225.19,548134766.85,186.8,direct,,SOL,0.02093239328851726,0.05292571104525483,-0.09232264334305151,0.53256,0.42771634643883905,0.0,0.53256,0.733296
2025-07-26,189.79,184.43,186.8,986479.52,184124510.84,184.92,direct,,SOL,-0.010064239828693866,0.05328994957041079,-0.024168865435356235,0.53256,0.42771634643883905,0.0,0.53256,0.733296
2025-07-27,190.74,184.62,184.92,1058015.86,198444213.45,188.71,direct,,SOL,0.02049534934025532,0.05304871959491775,0.03137126304858717,0.53256,0.42771634643883905,0.0,0.53256,0.733296
2025-07-28,195.31,182.22,188.71,2077635.75,392184056.3,183.13,direct,,SOL,-0.029569180223623648,0.04351624912007096,-0.019646680942184247,0.53256,0.42771634643883905,0.0,0.53256,0.733296
2025-07-29,186.64,178.26,183.13,1547445.62,281675365.23,181.47,direct,,SOL,-0.009064598918800848,0.03485049252777568,-0.018656716417910335,0.53256,0.42771634643883905,0.0,0.53256,0.733296
2025-07-30,182.5,170.45,181.47,1492161.81,264745022.53,177.77,direct,,SOL,-0.020389045021215524,0.0222407920915812,-0.05797255047427263,0.53256,0.42771634643883905,0.0,0.53256,0.733296
2025-07-31,182.67,171.49,177.77,1545370.03,274056279.25,172.22,direct,,SOL,-0.031220115880069788,0.02164551560420301,-0.05957516518320316,0.53256,0.42771634643883905,0.0,0.53256,0.733296
2025-08-01,172.24,159.2,172.22,3092390.35,517751854.06,162.67,direct,,SOL,-0.055452328417140984,0.02355649512239753,-0.10359839091860923,0.53256,0.42771634643883905,0.0,0.53256,0.733296
2025-08-02,165.21,155.81,162.67,1168151.35,187758990.15,158.48,direct,,SOL,-0.02575766890022746,0.0232734954631457,-0.10851099735613445,0.53256,0.42771634643883905,0.0,0.53256,0.733296
2025-08-03,163.13,156.3,158.48,756400.78,121815182.3,162.01,direct,,SOL,0.022274103987884875,0.023812730902134704,-0.059284635930786256,0.53256,0.42771634643883905,0.0,0.53256,0.733296
2025-08-04,169.83,161.33,162.01,1479618.44,244834590.1,169.57,direct,,SOL,0.04666378618603795,0.03445886813119645,0.042417163582713524,0.53256,0.42771634643883905,0.0,0.53256,0.733296
2025-08-05,171.69,161.31,169.57,1244209.67,206575201.16,164.07,direct,,SOL,-0.032434982603054774,0.03542419077599113,0.0352725896012116,0.53256,0.42771634643883905,0.0,0.53256,0.733296
2025-08-06,169.97,161.19,164.07,1112772.39,184561769.6,168.16,direct,,SOL,0.024928384226244882,0.038054033296974425,0.037960619714832555,0.53256,0.42771634643883905,0.0,0.53256,0.733296
2025-08-07,169.02,166.85,168.16,81931.41,13764556.48,167.34,direct,,SOL,-0.004876308277830588,0.03656604794388558,-0.013150911128147591,0.39812000000000003,0.42771634643883905,1.0,0.39812000000000003,0.733296
2025-07-08,2.322,2.249,2.271,118156655.54,270523244.97,2.311,direct,,XRP,,,,0.39812000000000003,0.42771634643883905,0.0,0.39812000000000003,0.733296
2025-07-09,2.429,2.298,2.311,173823267.84,413187045.35,2.405,direct,,XRP,0.04067503245348325,,,0.39812000000000003,0.42771634643883905,0.0,0.39812000000000003,0.733296
2025-07-10,2.569,2.395,2.405,210110556.21,520894303.24,2.547,direct,,XRP,0.05904365904365916,,,0.39812000000000003,0.42771634643883905,0.0,0.39812000000000003,0.733296
2025-07-11,2.976,2.512,2.547,533484018.35,1464564352.48,2.733,direct,,XRP,0.07302709069493529,,0.1826049329294679,0.39812000000000003,0.42771634643883905,0.0,0.39812000000000003,0.733296
2025-07-12,2.848,2.664,2.733,213608504.91,589284830.81,2.74,direct,,XRP,0.0025612879619465456,,0.13929313929313958,0.39812000000000003,0.42771634643883905,0.0,0.39812000000000003,0.733296
2025-07-13,2.895,2.725,2.74,194683879.55,548745091.72,2.837,direct,,XRP,0.03540145985401466,,0.1138594424813506,0.39812000000000003,0.42771634643883905,0.0,0.39812000000000003,0.733296
2025-07-14,3.035,2.823,2.837,390664795.55,1152613209.6,2.959,direct,,XRP,0.04300317236517448,,0.08269301134284657,0.39812000000000003,0.42771634643883905,0.0,0.39812000000000003,0.733296
2025-07-15,2.959,2.805,2.959,233544176.05,674079365.67,2.92,direct,,XRP,-0.013180128421764192,0.030252596326994292,0.06569343065693412,0.39812000000000003,0.42771634643883905,0.0,0.39812000000000003,0.733296
2025-07-16,3.102,2.878,2.92,259121118.79,777789712.29,3.039,direct,,XRP,0.04075342465753429,0.030255337308678062,0.0712019739161085,0.39812000000000003,0.42771634643883905,0.0,0.39812000000000003,0.733296
2025-07-17,3.552,2.989,3.039,578132097.12,1906881571.27,3.484,direct,,XRP,0.14642974662718,0.052200746211377096,0.17742480567759378,0.39812000000000003,0.42771634643883905,0.0,0.39812000000000003,0.733296
2025-07-18,3.665,3.346,3.484,538988491.82,1886829017.68,3.416,direct,,XRP,-0.019517795637198687,0.056045608477620405,0.1698630136986301,0.39812000000000003,0.42771634643883905,0.0,0.39812000000000003,0.733296
2025-07-19,3.487,3.356,3.416,162545475.94,557138226.92,3.427,direct,,XRP,0.0032201405152225693,0.05598524552959845,0.127673576834485,0.39812000000000003,0.42771634643883905,0.0,0.39812000000000003,0.733296
2025-07-20,3.559,3.388,3.427,207091727.08,721979937.58,3.456,direct,,XRP,0.008462211847096501,0.0567715877730175,-0.008036739380022917,0.39812000000000003,0.42771634643883905,0.0,0.39812000000000003,0.733296
2025-07-21,3.652,3.41,3.456,269445529.42,958837298.22,3.552,direct,,XRP,0.0277777777777779,0.05647597058734468,0.03981264637002346,0.39812000000000003,0.42771634643883905,0.0,0.39812000000000003,0.733296
2025-07-22,3.581,3.424,3.552,244453386.17,858844068.62,3.552,direct,,XRP,0.0,0.055088306687703856,0.03647505106507154,0.39812000000000003,0.42771634643883905,0.0,0.39812000000000003,0.733296
2025-07-23,3.554,3.05,3.552,395965778.35,1296447247.79,3.186,direct,,XRP,-0.10304054054054057,0.0738473288593069,-0.078125,0.39812000000000003,0.42771634643883905,0.0,0.39812000000000003,0.733296
2025-07-24,3.268,2.96,3.186,341020039.86,1075190410.89,3.147,direct,,XRP,-0.012241054613935987,0.04223587213852512,-0.11402027027027029,0.39812000000000003,0.42771634643883905,0.0,0.39812000000000003,0.733296
2025-07-25,3.163,3.001,3.147,260492308.11,803405571.33,3.143,direct,,XRP,-0.0012710517953606892,0.04237404603761828,-0.11514639639639646,0.39812000000000003,0.42771634643883905,0.0,0.39812000000000003,0.733296
2025-07-26,3.219,3.109,3.143,97853649.93,310514917.15,3.167,direct,,XRP,0.007636016544702473,0.04265321089856502,-0.0059635907093534835,0.39812000000000003,0.42771634643883905,0.0,0.39812000000000003,0.733296
2025-07-27,3.252,3.158,3.167,104202017.15,334125633.39,3.24,direct,,XRP,0.023050205241553545,0.0440605569438603,0.029551954242135414,0.39812000000000003,0.42771634643883905,0.0,0.39812000000000003,0.733296
2025-07-28,3.332,3.108,3.24,206553386.21,662457406.82,3.123,direct,,XRP,-0.036111111111111094,0.04190652748787151,-0.006363347120585283,0.39812000000000003,0.42771634643883905,0.0,0.39812000000000003,0.733296
2025-07-29,3.186,3.054,3.123,173048734.41,540607965.71,3.128,direct,,XRP,0.0016010246557796037,0.04202169329264216,-0.012314493211240785,0.39812000000000003,0.42771634643883905,0.0,0.39812000000000003,0.733296
2025-07-30,3.162,3.001,3.128,182415067.07,564073840.4,3.096,direct,,XRP,-0.010230179028132946,0.01845605501097853,-0.04444444444444451,0.39812000000000003,0.42771634643883905,0.0,0.39812000000000003,0.733296
2025-07-31,3.177,3.012,3.096,140588778.53,435429735.16,3.023,direct,,XRP,-0.023578811369509012,0.019757751794694075,-0.03202049311559396,0.39812000000000003,0.42771634643883905,0.0,0.39812000000000003,0.733296
2025-08-01,3.058,2.893,3.023,266075500.3,792364519.18,2.96,direct,,XRP,-0.020840224942110575,0.02042337389657133,-0.053708439897698246,0.39812000000000003,0.42771634643883905,0.0,0.39812000000000003,0.733296
2025-08-02,3.019,2.74,2.96,203629824.0,580205925.2,2.769,direct,,XRP,-0.06452702702702695,0.027864510640093175,-0.10562015503875966,0.39812000000000003,0.42771634643883905,0.0,0.39812000000000003,0.733296
2025-08-03,2.962,2.728,2.769,131213887.96,376275590.6,2.949,direct,,XRP,0.06500541711809316,0.04014033085538011,-0.024478994376447294,0.39812000000000003,0.42771634643883905,0.0,0.39812000000000003,0.733296
2025-08-04,3.091,2.932,2.949,153509538.64,465014449.06,3.072,direct,,XRP,0.04170905391658186,0.04322370295566557,0.037837837837837895,0.39812000000000003,0.42771634643883905,0.0,0.39812000000000003,0.733296
2025-08-05,3.106,2.916,3.072,145580409.53,437026835.39,2.962,direct,,XRP,-0.03580729166666663,0.045043196794549316,0.0697002527988444,0.39812000000000003,0.42771634643883905,0.0,0.39812000000000003,0.733296
2025-08-06,3.019,2.902,2.962,113893643.04,337690365.66,2.991,direct,,XRP,0.00979068197164068,0.0454301426090503,0.014242115971515812,0.39812000000000003,0.42771634643883905,0.0,0.39812000000000003,0.733296
2025-08-07,3.011,2.974,2.991,10623369.16,31743750.72,2.976,direct,,XRP,-0.005015045135406293,0.04463401835216368,-0.03125,0.5412085714285714,0.11513483507444233,7.0,0.5412085714285714,0.733296
